timeStamp,elapsed,label,responseCode,responseMessage,threadName,dataType,success,failureMessage,bytes,sentBytes,grpThreads,allThreads,URL,Latency,IdleTime,Connect
1653293005669,216,Creat pets,200,OK,Users 1-1,text,true,,181,393,1,1,http://209.97.133.58:8000/pet/create_pet,216,0,118
1653293005886,97,add customer,200,OK,Users 1-1,text,true,,186,250,1,1,http://209.97.133.58:8000/customer/add_customer,97,0,0
1653293005983,98,Adopt Pets,200,OK,Users 1-1,text,true,,178,282,1,1,http://209.97.133.58:8000/adoption/adopt,98,0,0
1653293006081,153,Generet Report,200,OK,Users 1-1,text,true,,207,261,1,1,http://209.97.133.58:8000/report/generate_report,153,0,0
1653293006234,560,Get Pets,200,OK,Users 1-1,text,true,,155,264,2,2,http://209.97.133.58:8000/pet/get_pets?limit=30962377&type=quis%20mollit&gender=dolore%20magna%20culpa&size=velit%20magna%20elit&age=-72179586&good_with_children=false,560,0,0
1653293006667,198,Creat pets,200,OK,Users 1-2,text,true,,181,393,2,2,http://209.97.133.58:8000/pet/create_pet,198,0,99
1653293006795,99,Creat pets,200,OK,Users 1-1,text,true,,181,393,2,2,http://209.97.133.58:8000/pet/create_pet,99,0,0
1653293006866,98,add customer,200,OK,Users 1-2,text,true,,186,250,2,2,http://209.97.133.58:8000/customer/add_customer,98,0,0
1653293006894,97,add customer,200,OK,Users 1-1,text,true,,186,250,2,2,http://209.97.133.58:8000/customer/add_customer,97,0,0
1653293006965,98,Adopt Pets,200,OK,Users 1-2,text,true,,178,282,2,2,http://209.97.133.58:8000/adoption/adopt,98,0,0
1653293006992,98,Adopt Pets,200,OK,Users 1-1,text,true,,178,282,2,2,http://209.97.133.58:8000/adoption/adopt,98,0,0
1653293007064,153,Generet Report,200,OK,Users 1-2,text,true,,207,261,2,2,http://209.97.133.58:8000/report/generate_report,152,0,0
1653293007091,151,Generet Report,200,OK,Users 1-1,text,true,,207,261,2,2,http://209.97.133.58:8000/report/generate_report,151,0,0
1653293007218,339,Get Pets,200,OK,Users 1-2,text,true,,155,264,2,2,http://209.97.133.58:8000/pet/get_pets?limit=30962377&type=quis%20mollit&gender=dolore%20magna%20culpa&size=velit%20magna%20elit&age=-72179586&good_with_children=false,339,0,0
1653293007559,99,Creat pets,200,OK,Users 1-2,text,true,,181,393,2,2,http://209.97.133.58:8000/pet/create_pet,99,0,0
1653293007243,496,Get Pets,200,OK,Users 1-1,text,true,,155,264,3,3,http://209.97.133.58:8000/pet/get_pets?limit=30962377&type=quis%20mollit&gender=dolore%20magna%20culpa&size=velit%20magna%20elit&age=-72179586&good_with_children=false,496,0,0
1653293007659,107,add customer,200,OK,Users 1-2,text,true,,186,250,3,3,http://209.97.133.58:8000/customer/add_customer,107,0,0
1653293007741,99,Creat pets,200,OK,Users 1-1,text,true,,181,393,3,3,http://209.97.133.58:8000/pet/create_pet,99,0,0
1653293007767,97,Adopt Pets,200,OK,Users 1-2,text,true,,178,282,3,3,http://209.97.133.58:8000/adoption/adopt,97,0,0
1653293007669,203,Creat pets,200,OK,Users 1-3,text,true,,181,393,3,3,http://209.97.133.58:8000/pet/create_pet,203,0,104
1653293007840,98,add customer,200,OK,Users 1-1,text,true,,186,250,3,3,http://209.97.133.58:8000/customer/add_customer,98,0,0
1653293007872,98,add customer,200,OK,Users 1-3,text,true,,186,250,3,3,http://209.97.133.58:8000/customer/add_customer,98,0,0
1653293007864,153,Generet Report,200,OK,Users 1-2,text,true,,207,261,3,3,http://209.97.133.58:8000/report/generate_report,153,0,0
1653293007939,97,Adopt Pets,200,OK,Users 1-1,text,true,,178,282,3,3,http://209.97.133.58:8000/adoption/adopt,97,0,0
1653293007971,98,Adopt Pets,200,OK,Users 1-3,text,true,,178,282,3,3,http://209.97.133.58:8000/adoption/adopt,98,0,0
1653293008037,151,Generet Report,200,OK,Users 1-1,text,true,,207,261,3,3,http://209.97.133.58:8000/report/generate_report,151,0,0
1653293008069,155,Generet Report,200,OK,Users 1-3,text,true,,207,261,3,3,http://209.97.133.58:8000/report/generate_report,155,0,0
1653293008225,579,Get Pets,200,OK,Users 1-3,text,true,,155,264,4,4,http://209.97.133.58:8000/pet/get_pets?limit=30962377&type=quis%20mollit&gender=dolore%20magna%20culpa&size=velit%20magna%20elit&age=-72179586&good_with_children=false,579,0,0
1653293008669,207,Creat pets,200,OK,Users 1-4,text,true,,181,393,4,4,http://209.97.133.58:8000/pet/create_pet,207,0,108
1653293008805,99,Creat pets,200,OK,Users 1-3,text,true,,181,393,4,4,http://209.97.133.58:8000/pet/create_pet,99,0,0
1653293008876,99,add customer,200,OK,Users 1-4,text,true,,186,250,4,4,http://209.97.133.58:8000/customer/add_customer,99,0,0
1653293008904,98,add customer,200,OK,Users 1-3,text,true,,186,250,4,4,http://209.97.133.58:8000/customer/add_customer,98,0,0
1653293008975,98,Adopt Pets,200,OK,Users 1-4,text,true,,178,282,4,4,http://209.97.133.58:8000/adoption/adopt,98,0,0
1653293009002,98,Adopt Pets,200,OK,Users 1-3,text,true,,178,282,4,4,http://209.97.133.58:8000/adoption/adopt,98,0,0
1653293009073,153,Generet Report,200,OK,Users 1-4,text,true,,207,261,4,4,http://209.97.133.58:8000/report/generate_report,153,0,0
1653293009100,152,Generet Report,200,OK,Users 1-3,text,true,,207,261,4,4,http://209.97.133.58:8000/report/generate_report,151,0,0
1653293009252,360,Get Pets,200,OK,Users 1-3,text,true,,155,264,4,4,http://209.97.133.58:8000/pet/get_pets?limit=30962377&type=quis%20mollit&gender=dolore%20magna%20culpa&size=velit%20magna%20elit&age=-72179586&good_with_children=false,360,0,0
1653293009613,99,Creat pets,200,OK,Users 1-3,text,true,,181,393,5,5,http://209.97.133.58:8000/pet/create_pet,99,0,0
1653293009712,98,add customer,200,OK,Users 1-3,text,true,,186,250,5,5,http://209.97.133.58:8000/customer/add_customer,98,0,0
1653293009227,583,Get Pets,200,OK,Users 1-4,text,true,,155,264,5,5,http://209.97.133.58:8000/pet/get_pets?limit=30962377&type=quis%20mollit&gender=dolore%20magna%20culpa&size=velit%20magna%20elit&age=-72179586&good_with_children=false,583,0,0
1653293009668,200,Creat pets,200,OK,Users 1-5,text,true,,181,393,5,5,http://209.97.133.58:8000/pet/create_pet,200,0,101
1653293009810,100,Creat pets,200,OK,Users 1-4,text,true,,181,393,5,5,http://209.97.133.58:8000/pet/create_pet,100,0,0
1653293009810,100,Adopt Pets,200,OK,Users 1-3,text,true,,178,282,5,5,http://209.97.133.58:8000/adoption/adopt,100,0,0
1653293009868,98,add customer,200,OK,Users 1-5,text,true,,186,250,5,5,http://209.97.133.58:8000/customer/add_customer,98,0,0
1653293009910,98,add customer,200,OK,Users 1-4,text,true,,186,250,5,5,http://209.97.133.58:8000/customer/add_customer,98,0,0
1653293009966,99,Adopt Pets,200,OK,Users 1-5,text,true,,178,282,5,5,http://209.97.133.58:8000/adoption/adopt,99,0,0
1653293009910,156,Generet Report,200,OK,Users 1-3,text,true,,207,261,5,5,http://209.97.133.58:8000/report/generate_report,156,0,0
1653293010008,98,Adopt Pets,200,OK,Users 1-4,text,true,,178,282,5,5,http://209.97.133.58:8000/adoption/adopt,98,0,0
1653293010065,150,Generet Report,200,OK,Users 1-5,text,true,,207,261,5,5,http://209.97.133.58:8000/report/generate_report,149,0,0
1653293010106,154,Generet Report,200,OK,Users 1-4,text,true,,207,261,5,5,http://209.97.133.58:8000/report/generate_report,154,0,0
1653293010066,345,Get Pets,200,OK,Users 1-3,text,true,,155,264,5,5,http://209.97.133.58:8000/pet/get_pets?limit=30962377&type=quis%20mollit&gender=dolore%20magna%20culpa&size=velit%20magna%20elit&age=-72179586&good_with_children=false,345,0,0
1653293010412,99,Creat pets,200,OK,Users 1-3,text,true,,181,393,5,5,http://209.97.133.58:8000/pet/create_pet,99,0,0
1653293010512,98,add customer,200,OK,Users 1-3,text,true,,186,250,5,5,http://209.97.133.58:8000/customer/add_customer,98,0,0
1653293010261,364,Get Pets,200,OK,Users 1-4,text,true,,155,264,5,5,http://209.97.133.58:8000/pet/get_pets?limit=30962377&type=quis%20mollit&gender=dolore%20magna%20culpa&size=velit%20magna%20elit&age=-72179586&good_with_children=false,364,0,0
1653293010215,492,Get Pets,200,OK,Users 1-5,text,true,,155,264,6,6,http://209.97.133.58:8000/pet/get_pets?limit=30962377&type=quis%20mollit&gender=dolore%20magna%20culpa&size=velit%20magna%20elit&age=-72179586&good_with_children=false,492,0,0
1653293010611,112,Adopt Pets,200,OK,Users 1-3,text,true,,178,282,6,6,http://209.97.133.58:8000/adoption/adopt,112,0,0
1653293010626,98,Creat pets,200,OK,Users 1-4,text,true,,181,393,6,6,http://209.97.133.58:8000/pet/create_pet,98,0,0
1653293010708,99,Creat pets,200,OK,Users 1-5,text,true,,181,393,6,6,http://209.97.133.58:8000/pet/create_pet,99,0,0
1653293010724,97,add customer,200,OK,Users 1-4,text,true,,186,250,6,6,http://209.97.133.58:8000/customer/add_customer,97,0,0
1653293010724,153,Generet Report,200,OK,Users 1-3,text,true,,207,261,6,6,http://209.97.133.58:8000/report/generate_report,153,0,0
1653293010669,228,Creat pets,200,OK,Users 1-6,text,true,,181,393,6,6,http://209.97.133.58:8000/pet/create_pet,228,0,129
1653293010807,98,add customer,200,OK,Users 1-5,text,true,,186,250,6,6,http://209.97.133.58:8000/customer/add_customer,98,0,0
1653293010822,97,Adopt Pets,200,OK,Users 1-4,text,true,,178,282,6,6,http://209.97.133.58:8000/adoption/adopt,97,0,0
1653293010897,98,add customer,200,OK,Users 1-6,text,true,,186,250,6,6,http://209.97.133.58:8000/customer/add_customer,98,0,0
1653293010905,98,Adopt Pets,200,OK,Users 1-5,text,true,,178,282,6,6,http://209.97.133.58:8000/adoption/adopt,98,0,0
1653293010919,155,Generet Report,200,OK,Users 1-4,text,true,,207,261,6,6,http://209.97.133.58:8000/report/generate_report,155,0,0
1653293010995,99,Adopt Pets,200,OK,Users 1-6,text,true,,178,282,6,6,http://209.97.133.58:8000/adoption/adopt,99,0,0
1653293011003,152,Generet Report,200,OK,Users 1-5,text,true,,207,261,6,6,http://209.97.133.58:8000/report/generate_report,152,0,0
1653293010878,341,Get Pets,200,OK,Users 1-3,text,true,,155,264,6,6,http://209.97.133.58:8000/pet/get_pets?limit=30962377&type=quis%20mollit&gender=dolore%20magna%20culpa&size=velit%20magna%20elit&age=-72179586&good_with_children=false,341,0,0
1653293011094,153,Generet Report,200,OK,Users 1-6,text,true,,207,261,6,6,http://209.97.133.58:8000/report/generate_report,153,0,0
1653293011220,101,Creat pets,200,OK,Users 1-3,text,true,,181,393,6,6,http://209.97.133.58:8000/pet/create_pet,101,0,0
1653293011074,305,Get Pets,200,OK,Users 1-4,text,true,,155,264,6,6,http://209.97.133.58:8000/pet/get_pets?limit=30962377&type=quis%20mollit&gender=dolore%20magna%20culpa&size=velit%20magna%20elit&age=-72179586&good_with_children=false,305,0,0
1653293008018,3398,Get Pets,200,OK,Users 1-2,text,true,,155,264,6,6,http://209.97.133.58:8000/pet/get_pets?limit=30962377&type=quis%20mollit&gender=dolore%20magna%20culpa&size=velit%20magna%20elit&age=-72179586&good_with_children=false,3398,0,0
1653293011321,98,add customer,200,OK,Users 1-3,text,true,,186,250,6,6,http://209.97.133.58:8000/customer/add_customer,98,0,0
1653293011379,99,Creat pets,200,OK,Users 1-4,text,true,,181,393,6,6,http://209.97.133.58:8000/pet/create_pet,99,0,0
1653293011417,98,Creat pets,200,OK,Users 1-2,text,true,,181,393,6,6,http://209.97.133.58:8000/pet/create_pet,98,0,0
1653293011419,98,Adopt Pets,200,OK,Users 1-3,text,true,,178,282,6,6,http://209.97.133.58:8000/adoption/adopt,98,0,0
1653293011478,98,add customer,200,OK,Users 1-4,text,true,,186,250,6,6,http://209.97.133.58:8000/customer/add_customer,98,0,0
1653293011247,348,Get Pets,200,OK,Users 1-6,text,true,,155,264,6,6,http://209.97.133.58:8000/pet/get_pets?limit=30962377&type=quis%20mollit&gender=dolore%20magna%20culpa&size=velit%20magna%20elit&age=-72179586&good_with_children=false,348,0,0
1653293011516,97,add customer,200,OK,Users 1-2,text,true,,186,250,6,6,http://209.97.133.58:8000/customer/add_customer,97,0,0
1653293011517,151,Generet Report,200,OK,Users 1-3,text,true,,207,261,7,7,http://209.97.133.58:8000/report/generate_report,151,0,0
1653293011576,97,Adopt Pets,200,OK,Users 1-4,text,true,,178,282,7,7,http://209.97.133.58:8000/adoption/adopt,97,0,0
1653293011596,99,Creat pets,200,OK,Users 1-6,text,true,,181,393,7,7,http://209.97.133.58:8000/pet/create_pet,99,0,0
1653293011613,97,Adopt Pets,200,OK,Users 1-2,text,true,,178,282,7,7,http://209.97.133.58:8000/adoption/adopt,97,0,0
1653293011695,97,add customer,200,OK,Users 1-6,text,true,,186,250,7,7,http://209.97.133.58:8000/customer/add_customer,97,0,0
1653293008189,3634,Get Pets,200,OK,Users 1-1,text,true,,155,264,7,7,http://209.97.133.58:8000/pet/get_pets?limit=30962377&type=quis%20mollit&gender=dolore%20magna%20culpa&size=velit%20magna%20elit&age=-72179586&good_with_children=false,3634,0,0
1653293011673,160,Generet Report,200,OK,Users 1-4,text,true,,207,261,7,7,http://209.97.133.58:8000/report/generate_report,160,0,0
1653293011710,152,Generet Report,200,OK,Users 1-2,text,true,,207,261,7,7,http://209.97.133.58:8000/report/generate_report,152,0,0
1653293011669,201,Creat pets,200,OK,Users 1-7,text,true,,181,393,7,7,http://209.97.133.58:8000/pet/create_pet,201,0,103
1653293011793,98,Adopt Pets,200,OK,Users 1-6,text,true,,178,282,7,7,http://209.97.133.58:8000/adoption/adopt,98,0,0
1653293011824,99,Creat pets,200,OK,Users 1-1,text,true,,181,393,7,7,http://209.97.133.58:8000/pet/create_pet,99,0,0
1653293011870,97,add customer,200,OK,Users 1-7,text,true,,186,250,7,7,http://209.97.133.58:8000/customer/add_customer,97,0,0
1653293011923,98,add customer,200,OK,Users 1-1,text,true,,186,250,7,7,http://209.97.133.58:8000/customer/add_customer,98,0,0
1653293011668,360,Get Pets,200,OK,Users 1-3,text,true,,155,264,7,7,http://209.97.133.58:8000/pet/get_pets?limit=30962377&type=quis%20mollit&gender=dolore%20magna%20culpa&size=velit%20magna%20elit&age=-72179586&good_with_children=false,360,0,0
1653293011891,152,Generet Report,200,OK,Users 1-6,text,true,,207,261,6,6,http://209.97.133.58:8000/report/generate_report,152,0,0
1653293011968,98,Adopt Pets,200,OK,Users 1-7,text,true,,178,282,6,6,http://209.97.133.58:8000/adoption/adopt,98,0,0
1653293012022,97,Adopt Pets,200,OK,Users 1-1,text,true,,178,282,6,6,http://209.97.133.58:8000/adoption/adopt,97,0,0
1653293011834,348,Get Pets,200,OK,Users 1-4,text,true,,155,264,6,6,http://209.97.133.58:8000/pet/get_pets?limit=30962377&type=quis%20mollit&gender=dolore%20magna%20culpa&size=velit%20magna%20elit&age=-72179586&good_with_children=false,348,0,0
1653293011862,343,Get Pets,200,OK,Users 1-2,text,true,,155,264,6,6,http://209.97.133.58:8000/pet/get_pets?limit=30962377&type=quis%20mollit&gender=dolore%20magna%20culpa&size=velit%20magna%20elit&age=-72179586&good_with_children=false,343,0,0
1653293012066,165,Generet Report,200,OK,Users 1-7,text,true,,207,261,6,6,http://209.97.133.58:8000/report/generate_report,165,0,0
1653293012120,154,Generet Report,200,OK,Users 1-1,text,true,,207,261,6,6,http://209.97.133.58:8000/report/generate_report,154,0,0
1653293012182,100,Creat pets,200,OK,Users 1-4,text,true,,181,393,6,6,http://209.97.133.58:8000/pet/create_pet,100,0,0
1653293012206,98,Creat pets,200,OK,Users 1-2,text,true,,181,393,6,6,http://209.97.133.58:8000/pet/create_pet,98,0,0
1653293012282,97,add customer,200,OK,Users 1-4,text,true,,186,250,6,6,http://209.97.133.58:8000/customer/add_customer,97,0,0
1653293012304,97,add customer,200,OK,Users 1-2,text,true,,186,250,6,6,http://209.97.133.58:8000/customer/add_customer,97,0,0
1653293012379,98,Adopt Pets,200,OK,Users 1-4,text,true,,178,282,6,6,http://209.97.133.58:8000/adoption/adopt,98,0,0
1653293012402,98,Adopt Pets,200,OK,Users 1-2,text,true,,178,282,6,6,http://209.97.133.58:8000/adoption/adopt,98,0,0
1653293012231,343,Get Pets,200,OK,Users 1-7,text,true,,155,264,6,6,http://209.97.133.58:8000/pet/get_pets?limit=30962377&type=quis%20mollit&gender=dolore%20magna%20culpa&size=velit%20magna%20elit&age=-72179586&good_with_children=false,343,0,0
1653293012043,582,Get Pets,200,OK,Users 1-6,text,true,,155,264,6,6,http://209.97.133.58:8000/pet/get_pets?limit=30962377&type=quis%20mollit&gender=dolore%20magna%20culpa&size=velit%20magna%20elit&age=-72179586&good_with_children=false,582,0,0
1653293012477,153,Generet Report,200,OK,Users 1-4,text,true,,207,261,6,6,http://209.97.133.58:8000/report/generate_report,153,0,0
1653293012501,154,Generet Report,200,OK,Users 1-2,text,true,,207,261,6,6,http://209.97.133.58:8000/report/generate_report,154,0,0
1653293012574,99,Creat pets,200,OK,Users 1-7,text,true,,181,393,7,7,http://209.97.133.58:8000/pet/create_pet,99,0,0
1653293012625,100,Creat pets,200,OK,Users 1-6,text,true,,181,393,7,7,http://209.97.133.58:8000/pet/create_pet,100,0,0
1653293012673,99,add customer,200,OK,Users 1-7,text,true,,186,250,7,7,http://209.97.133.58:8000/customer/add_customer,99,0,0
1653293012725,98,add customer,200,OK,Users 1-6,text,true,,186,250,7,7,http://209.97.133.58:8000/customer/add_customer,98,0,0
1653293012668,201,Creat pets,200,OK,Users 1-8,text,true,,181,393,7,7,http://209.97.133.58:8000/pet/create_pet,201,0,101
1653293012773,98,Adopt Pets,200,OK,Users 1-7,text,true,,178,282,7,7,http://209.97.133.58:8000/adoption/adopt,98,0,0
1653293012825,98,Adopt Pets,200,OK,Users 1-6,text,true,,178,282,7,7,http://209.97.133.58:8000/adoption/adopt,98,0,0
1653293012869,98,add customer,200,OK,Users 1-8,text,true,,186,250,7,7,http://209.97.133.58:8000/customer/add_customer,98,0,0
1653293012274,695,Get Pets,200,OK,Users 1-1,text,true,,155,264,7,7,http://209.97.133.58:8000/pet/get_pets?limit=30962377&type=quis%20mollit&gender=dolore%20magna%20culpa&size=velit%20magna%20elit&age=-72179586&good_with_children=false,695,0,0
1653293012631,354,Get Pets,200,OK,Users 1-4,text,true,,155,264,7,7,http://209.97.133.58:8000/pet/get_pets?limit=30962377&type=quis%20mollit&gender=dolore%20magna%20culpa&size=velit%20magna%20elit&age=-72179586&good_with_children=false,354,0,0
1653293012871,153,Generet Report,200,OK,Users 1-7,text,true,,207,261,6,6,http://209.97.133.58:8000/report/generate_report,153,0,0
1653293012967,98,Adopt Pets,200,OK,Users 1-8,text,true,,178,282,6,6,http://209.97.133.58:8000/adoption/adopt,98,0,0
1653293012970,97,Creat pets,200,OK,Users 1-1,text,true,,181,393,6,6,http://209.97.133.58:8000/pet/create_pet,97,0,0
1653293012923,149,Generet Report,200,OK,Users 1-6,text,true,,207,261,6,6,http://209.97.133.58:8000/report/generate_report,149,0,0
1653293012655,505,Get Pets,200,OK,Users 1-2,text,true,,155,264,6,6,http://209.97.133.58:8000/pet/get_pets?limit=30962377&type=quis%20mollit&gender=dolore%20magna%20culpa&size=velit%20magna%20elit&age=-72179586&good_with_children=false,505,0,0
1653293013068,97,add customer,200,OK,Users 1-1,text,true,,186,250,6,6,http://209.97.133.58:8000/customer/add_customer,97,0,0
1653293013065,171,Generet Report,200,OK,Users 1-8,text,true,,207,261,6,6,http://209.97.133.58:8000/report/generate_report,171,0,0
1653293013160,99,Creat pets,200,OK,Users 1-2,text,true,,181,393,6,6,http://209.97.133.58:8000/pet/create_pet,99,0,0
1653293013165,97,Adopt Pets,200,OK,Users 1-1,text,true,,178,282,6,6,http://209.97.133.58:8000/adoption/adopt,97,0,0
1653293013024,327,Get Pets,200,OK,Users 1-7,text,true,,155,264,6,6,http://209.97.133.58:8000/pet/get_pets?limit=30962377&type=quis%20mollit&gender=dolore%20magna%20culpa&size=velit%20magna%20elit&age=-72179586&good_with_children=false,327,0,0
1653293013259,97,add customer,200,OK,Users 1-2,text,true,,186,250,6,6,http://209.97.133.58:8000/customer/add_customer,97,0,0
1653293013262,150,Generet Report,200,OK,Users 1-1,text,true,,207,261,6,6,http://209.97.133.58:8000/report/generate_report,150,0,0
1653293013351,99,Creat pets,200,OK,Users 1-7,text,true,,181,393,6,6,http://209.97.133.58:8000/pet/create_pet,99,0,0
1653293013356,97,Adopt Pets,200,OK,Users 1-2,text,true,,178,282,6,6,http://209.97.133.58:8000/adoption/adopt,97,0,0
1653293013450,97,add customer,200,OK,Users 1-7,text,true,,186,250,6,6,http://209.97.133.58:8000/customer/add_customer,97,0,0
1653293013072,498,Get Pets,200,OK,Users 1-6,text,true,,155,264,6,6,http://209.97.133.58:8000/pet/get_pets?limit=30962377&type=quis%20mollit&gender=dolore%20magna%20culpa&size=velit%20magna%20elit&age=-72179586&good_with_children=false,498,0,0
1653293013453,151,Generet Report,200,OK,Users 1-2,text,true,,207,261,6,6,http://209.97.133.58:8000/report/generate_report,151,0,0
1653293013547,98,Adopt Pets,200,OK,Users 1-7,text,true,,178,282,6,6,http://209.97.133.58:8000/adoption/adopt,98,0,0
1653293013570,99,Creat pets,200,OK,Users 1-6,text,true,,181,393,7,7,http://209.97.133.58:8000/pet/create_pet,99,0,0
1653293013412,342,Get Pets,200,OK,Users 1-1,text,true,,155,264,7,7,http://209.97.133.58:8000/pet/get_pets?limit=30962377&type=quis%20mollit&gender=dolore%20magna%20culpa&size=velit%20magna%20elit&age=-72179586&good_with_children=false,342,0,0
1653293013669,102,add customer,200,OK,Users 1-6,text,true,,186,250,6,6,http://209.97.133.58:8000/customer/add_customer,102,0,0
1653293013645,150,Generet Report,200,OK,Users 1-7,text,true,,207,261,6,6,http://209.97.133.58:8000/report/generate_report,150,0,0
1653293013771,98,Adopt Pets,200,OK,Users 1-6,text,true,,178,282,6,6,http://209.97.133.58:8000/adoption/adopt,98,0,0
1653293013668,205,Creat pets,200,OK,Users 1-9,text,true,,181,393,6,6,http://209.97.133.58:8000/pet/create_pet,205,0,107
1653293013604,353,Get Pets,200,OK,Users 1-2,text,true,,155,264,6,6,http://209.97.133.58:8000/pet/get_pets?limit=30962377&type=quis%20mollit&gender=dolore%20magna%20culpa&size=velit%20magna%20elit&age=-72179586&good_with_children=false,353,0,0
1653293013873,97,add customer,200,OK,Users 1-9,text,true,,186,250,5,5,http://209.97.133.58:8000/customer/add_customer,97,0,0
1653293013869,160,Generet Report,200,OK,Users 1-6,text,true,,207,261,5,5,http://209.97.133.58:8000/report/generate_report,160,0,0
1653293013971,98,Adopt Pets,200,OK,Users 1-9,text,true,,178,282,5,5,http://209.97.133.58:8000/adoption/adopt,98,0,0
1653293013796,339,Get Pets,200,OK,Users 1-7,text,true,,155,264,5,5,http://209.97.133.58:8000/pet/get_pets?limit=30962377&type=quis%20mollit&gender=dolore%20magna%20culpa&size=velit%20magna%20elit&age=-72179586&good_with_children=false,339,0,0
1653293014069,152,Generet Report,200,OK,Users 1-9,text,true,,207,261,5,5,http://209.97.133.58:8000/report/generate_report,152,0,0
1653293014135,99,Creat pets,200,OK,Users 1-7,text,true,,181,393,5,5,http://209.97.133.58:8000/pet/create_pet,99,0,0
1653293014234,103,add customer,200,OK,Users 1-7,text,true,,186,250,5,5,http://209.97.133.58:8000/customer/add_customer,103,0,0
1653293014338,102,Adopt Pets,200,OK,Users 1-7,text,true,,178,282,5,5,http://209.97.133.58:8000/adoption/adopt,102,0,0
1653293014029,439,Get Pets,200,OK,Users 1-6,text,true,,155,264,5,5,http://209.97.133.58:8000/pet/get_pets?limit=30962377&type=quis%20mollit&gender=dolore%20magna%20culpa&size=velit%20magna%20elit&age=-72179586&good_with_children=false,439,0,0
1653293014469,99,Creat pets,200,OK,Users 1-6,text,true,,181,393,5,5,http://209.97.133.58:8000/pet/create_pet,99,0,0
1653293014440,151,Generet Report,200,OK,Users 1-7,text,true,,207,261,5,5,http://209.97.133.58:8000/report/generate_report,151,0,0
1653293014221,409,Get Pets,200,OK,Users 1-9,text,true,,155,264,5,5,http://209.97.133.58:8000/pet/get_pets?limit=30962377&type=quis%20mollit&gender=dolore%20magna%20culpa&size=velit%20magna%20elit&age=-72179586&good_with_children=false,409,0,0
1653293014568,99,add customer,200,OK,Users 1-6,text,true,,186,250,6,6,http://209.97.133.58:8000/customer/add_customer,99,0,0
1653293014630,100,Creat pets,200,OK,Users 1-9,text,true,,181,393,6,6,http://209.97.133.58:8000/pet/create_pet,100,0,0
1653293014667,115,Adopt Pets,200,OK,Users 1-6,text,true,,178,282,6,6,http://209.97.133.58:8000/adoption/adopt,115,0,0
1653293014730,98,add customer,200,OK,Users 1-9,text,true,,186,250,6,6,http://209.97.133.58:8000/customer/add_customer,98,0,0
1653293014667,205,Creat pets,200,OK,Users 1-10,text,true,,181,393,6,6,http://209.97.133.58:8000/pet/create_pet,205,0,106
1653293014828,98,Adopt Pets,200,OK,Users 1-9,text,true,,178,282,6,6,http://209.97.133.58:8000/adoption/adopt,98,0,0
1653293014783,176,Generet Report,200,OK,Users 1-6,text,true,,207,261,6,6,http://209.97.133.58:8000/report/generate_report,176,0,0
1653293014872,99,add customer,200,OK,Users 1-10,text,true,,186,250,6,6,http://209.97.133.58:8000/customer/add_customer,99,0,0
1653293014971,98,Adopt Pets,200,OK,Users 1-10,text,true,,178,282,6,6,http://209.97.133.58:8000/adoption/adopt,98,0,0
1653293014927,153,Generet Report,200,OK,Users 1-9,text,true,,207,261,6,6,http://209.97.133.58:8000/report/generate_report,153,0,0
1653293014592,565,Get Pets,200,OK,Users 1-7,text,true,,155,264,6,6,http://209.97.133.58:8000/pet/get_pets?limit=30962377&type=quis%20mollit&gender=dolore%20magna%20culpa&size=velit%20magna%20elit&age=-72179586&good_with_children=false,565,0,0
1653293015070,152,Generet Report,200,OK,Users 1-10,text,true,,207,261,6,6,http://209.97.133.58:8000/report/generate_report,152,0,0
1653293015157,100,Creat pets,200,OK,Users 1-7,text,true,,181,393,6,6,http://209.97.133.58:8000/pet/create_pet,100,0,0
1653293014959,342,Get Pets,200,OK,Users 1-6,text,true,,155,264,6,6,http://209.97.133.58:8000/pet/get_pets?limit=30962377&type=quis%20mollit&gender=dolore%20magna%20culpa&size=velit%20magna%20elit&age=-72179586&good_with_children=false,342,0,0
1653293015257,98,add customer,200,OK,Users 1-7,text,true,,186,250,5,5,http://209.97.133.58:8000/customer/add_customer,98,0,0
1653293015356,98,Adopt Pets,200,OK,Users 1-7,text,true,,178,282,5,5,http://209.97.133.58:8000/adoption/adopt,98,0,0
1653293015080,398,Get Pets,200,OK,Users 1-9,text,true,,155,264,5,5,http://209.97.133.58:8000/pet/get_pets?limit=30962377&type=quis%20mollit&gender=dolore%20magna%20culpa&size=velit%20magna%20elit&age=-72179586&good_with_children=false,398,0,0
1653293015478,100,Creat pets,200,OK,Users 1-9,text,true,,181,393,5,5,http://209.97.133.58:8000/pet/create_pet,100,0,0
1653293015454,154,Generet Report,200,OK,Users 1-7,text,true,,207,261,5,5,http://209.97.133.58:8000/report/generate_report,154,0,0
1653293015578,98,add customer,200,OK,Users 1-9,text,true,,186,250,5,5,http://209.97.133.58:8000/customer/add_customer,98,0,0
1653293015222,502,Get Pets,200,OK,Users 1-10,text,true,,155,264,5,5,http://209.97.133.58:8000/pet/get_pets?limit=30962377&type=quis%20mollit&gender=dolore%20magna%20culpa&size=velit%20magna%20elit&age=-72179586&good_with_children=false,502,0,0
1653293015676,107,Adopt Pets,200,OK,Users 1-9,text,true,,178,282,5,5,http://209.97.133.58:8000/adoption/adopt,107,0,0
1653293015725,100,Creat pets,200,OK,Users 1-10,text,true,,181,393,5,5,http://209.97.133.58:8000/pet/create_pet,100,0,0
1653293015825,99,add customer,200,OK,Users 1-10,text,true,,186,250,5,5,http://209.97.133.58:8000/customer/add_customer,99,0,0
1653293015783,151,Generet Report,200,OK,Users 1-9,text,true,,207,261,5,5,http://209.97.133.58:8000/report/generate_report,151,0,0
1653293015924,98,Adopt Pets,200,OK,Users 1-10,text,true,,178,282,5,5,http://209.97.133.58:8000/adoption/adopt,98,0,0
1653293015609,495,Get Pets,200,OK,Users 1-7,text,true,,155,264,5,5,http://209.97.133.58:8000/pet/get_pets?limit=30962377&type=quis%20mollit&gender=dolore%20magna%20culpa&size=velit%20magna%20elit&age=-72179586&good_with_children=false,495,0,0
1653293016022,152,Generet Report,200,OK,Users 1-10,text,true,,207,261,4,4,http://209.97.133.58:8000/report/generate_report,152,0,0
1653293015934,342,Get Pets,200,OK,Users 1-9,text,true,,155,264,4,4,http://209.97.133.58:8000/pet/get_pets?limit=30962377&type=quis%20mollit&gender=dolore%20magna%20culpa&size=velit%20magna%20elit&age=-72179586&good_with_children=false,342,0,0
1653293016276,100,Creat pets,200,OK,Users 1-9,text,true,,181,393,4,4,http://209.97.133.58:8000/pet/create_pet,100,0,0
1653293016376,99,add customer,200,OK,Users 1-9,text,true,,186,250,4,4,http://209.97.133.58:8000/customer/add_customer,99,0,0
1653293011156,5328,Get Pets,200,OK,Users 1-5,text,true,,155,264,4,4,http://209.97.133.58:8000/pet/get_pets?limit=30962377&type=quis%20mollit&gender=dolore%20magna%20culpa&size=velit%20magna%20elit&age=-72179586&good_with_children=false,5328,0,0
1653293016174,376,Get Pets,200,OK,Users 1-10,text,true,,155,264,4,4,http://209.97.133.58:8000/pet/get_pets?limit=30962377&type=quis%20mollit&gender=dolore%20magna%20culpa&size=velit%20magna%20elit&age=-72179586&good_with_children=false,376,0,0
1653293016476,98,Adopt Pets,200,OK,Users 1-9,text,true,,178,282,4,4,http://209.97.133.58:8000/adoption/adopt,98,0,0
1653293016484,99,Creat pets,200,OK,Users 1-5,text,true,,181,393,4,4,http://209.97.133.58:8000/pet/create_pet,99,0,0
1653293016550,100,Creat pets,200,OK,Users 1-10,text,true,,181,393,4,4,http://209.97.133.58:8000/pet/create_pet,100,0,0
1653293016583,99,add customer,200,OK,Users 1-5,text,true,,186,250,4,4,http://209.97.133.58:8000/customer/add_customer,99,0,0
1653293016575,153,Generet Report,200,OK,Users 1-9,text,true,,207,261,4,4,http://209.97.133.58:8000/report/generate_report,153,0,0
1653293016650,98,add customer,200,OK,Users 1-10,text,true,,186,250,4,4,http://209.97.133.58:8000/customer/add_customer,98,0,0
1653293016682,97,Adopt Pets,200,OK,Users 1-5,text,true,,178,282,4,4,http://209.97.133.58:8000/adoption/adopt,97,0,0
1653293016748,98,Adopt Pets,200,OK,Users 1-10,text,true,,178,282,4,4,http://209.97.133.58:8000/adoption/adopt,98,0,0
1653293013236,3653,Get Pets,200,OK,Users 1-8,text,true,,155,264,4,4,http://209.97.133.58:8000/pet/get_pets?limit=30962377&type=quis%20mollit&gender=dolore%20magna%20culpa&size=velit%20magna%20elit&age=-72179586&good_with_children=false,3653,0,0
1653293016780,151,Generet Report,200,OK,Users 1-5,text,true,,207,261,4,4,http://209.97.133.58:8000/report/generate_report,151,0,0
1653293016889,100,Creat pets,200,OK,Users 1-8,text,true,,181,393,4,4,http://209.97.133.58:8000/pet/create_pet,100,0,0
1653293016846,153,Generet Report,200,OK,Users 1-10,text,true,,207,261,4,4,http://209.97.133.58:8000/report/generate_report,153,0,0
1653293016990,97,add customer,200,OK,Users 1-8,text,true,,186,250,4,4,http://209.97.133.58:8000/customer/add_customer,97,0,0
1653293017088,97,Adopt Pets,200,OK,Users 1-8,text,true,,178,282,4,4,http://209.97.133.58:8000/adoption/adopt,97,0,0
1653293016932,343,Get Pets,200,OK,Users 1-5,text,true,,155,264,4,4,http://209.97.133.58:8000/pet/get_pets?limit=30962377&type=quis%20mollit&gender=dolore%20magna%20culpa&size=velit%20magna%20elit&age=-72179586&good_with_children=false,343,0,0
1653293016728,563,Get Pets,200,OK,Users 1-9,text,true,,155,264,4,4,http://209.97.133.58:8000/pet/get_pets?limit=30962377&type=quis%20mollit&gender=dolore%20magna%20culpa&size=velit%20magna%20elit&age=-72179586&good_with_children=false,563,0,0
1653293016999,316,Get Pets,200,OK,Users 1-10,text,true,,155,264,4,4,http://209.97.133.58:8000/pet/get_pets?limit=30962377&type=quis%20mollit&gender=dolore%20magna%20culpa&size=velit%20magna%20elit&age=-72179586&good_with_children=false,316,0,0
1653293017185,153,Generet Report,200,OK,Users 1-8,text,true,,207,261,4,4,http://209.97.133.58:8000/report/generate_report,153,0,0
1653293017276,98,Creat pets,200,OK,Users 1-5,text,true,,181,393,4,4,http://209.97.133.58:8000/pet/create_pet,98,0,0
1653293017291,99,Creat pets,200,OK,Users 1-9,text,true,,181,393,4,4,http://209.97.133.58:8000/pet/create_pet,99,0,0
1653293017315,99,Creat pets,200,OK,Users 1-10,text,true,,181,393,4,4,http://209.97.133.58:8000/pet/create_pet,99,0,0
1653293017374,99,add customer,200,OK,Users 1-5,text,true,,186,250,4,4,http://209.97.133.58:8000/customer/add_customer,99,0,0
1653293017391,97,add customer,200,OK,Users 1-9,text,true,,186,250,4,4,http://209.97.133.58:8000/customer/add_customer,97,0,0
1653293017415,98,add customer,200,OK,Users 1-10,text,true,,186,250,4,4,http://209.97.133.58:8000/customer/add_customer,98,0,0
1653293017473,101,Adopt Pets,200,OK,Users 1-5,text,true,,178,282,4,4,http://209.97.133.58:8000/adoption/adopt,101,0,0
1653293017488,103,Adopt Pets,200,OK,Users 1-9,text,true,,178,282,4,4,http://209.97.133.58:8000/adoption/adopt,103,0,0
1653293017513,101,Adopt Pets,200,OK,Users 1-10,text,true,,178,282,4,4,http://209.97.133.58:8000/adoption/adopt,101,0,0
1653293017338,334,Get Pets,200,OK,Users 1-8,text,true,,155,264,4,4,http://209.97.133.58:8000/pet/get_pets?limit=30962377&type=quis%20mollit&gender=dolore%20magna%20culpa&size=velit%20magna%20elit&age=-72179586&good_with_children=false,334,0,0
1653293017574,157,Generet Report,200,OK,Users 1-5,text,true,,207,261,4,4,http://209.97.133.58:8000/report/generate_report,157,0,0
1653293017592,168,Generet Report,200,OK,Users 1-9,text,true,,207,261,4,4,http://209.97.133.58:8000/report/generate_report,168,0,0
1653293017673,105,Creat pets,200,OK,Users 1-8,text,true,,181,393,4,4,http://209.97.133.58:8000/pet/create_pet,105,0,0
1653293017614,166,Generet Report,200,OK,Users 1-10,text,true,,207,261,4,4,http://209.97.133.58:8000/report/generate_report,166,0,0
1653293017778,98,add customer,200,OK,Users 1-8,text,true,,186,250,4,4,http://209.97.133.58:8000/customer/add_customer,98,0,0
1653293017877,97,Adopt Pets,200,OK,Users 1-8,text,true,,178,282,4,4,http://209.97.133.58:8000/adoption/adopt,97,0,0
1653293017975,152,Generet Report,200,OK,Users 1-8,text,true,,207,261,4,4,http://209.97.133.58:8000/report/generate_report,152,0,0
1653293017731,512,Get Pets,200,OK,Users 1-5,text,true,,155,264,4,4,http://209.97.133.58:8000/pet/get_pets?limit=30962377&type=quis%20mollit&gender=dolore%20magna%20culpa&size=velit%20magna%20elit&age=-72179586&good_with_children=false,512,0,0
1653293017760,503,Get Pets,200,OK,Users 1-9,text,true,,155,264,4,4,http://209.97.133.58:8000/pet/get_pets?limit=30962377&type=quis%20mollit&gender=dolore%20magna%20culpa&size=velit%20magna%20elit&age=-72179586&good_with_children=false,503,0,0
1653293017780,550,Get Pets,200,OK,Users 1-10,text,true,,155,264,3,3,http://209.97.133.58:8000/pet/get_pets?limit=30962377&type=quis%20mollit&gender=dolore%20magna%20culpa&size=velit%20magna%20elit&age=-72179586&good_with_children=false,550,0,0
1653293018243,99,Creat pets,200,OK,Users 1-5,text,true,,181,393,3,3,http://209.97.133.58:8000/pet/create_pet,99,0,0
1653293018331,99,Creat pets,200,OK,Users 1-10,text,true,,181,393,3,3,http://209.97.133.58:8000/pet/create_pet,99,0,0
1653293018342,97,add customer,200,OK,Users 1-5,text,true,,186,250,3,3,http://209.97.133.58:8000/customer/add_customer,97,0,0
1653293018128,349,Get Pets,200,OK,Users 1-8,text,true,,155,264,3,3,http://209.97.133.58:8000/pet/get_pets?limit=30962377&type=quis%20mollit&gender=dolore%20magna%20culpa&size=velit%20magna%20elit&age=-72179586&good_with_children=false,349,0,0
1653293018430,98,add customer,200,OK,Users 1-10,text,true,,186,250,3,3,http://209.97.133.58:8000/customer/add_customer,98,0,0
1653293018439,98,Adopt Pets,200,OK,Users 1-5,text,true,,178,282,3,3,http://209.97.133.58:8000/adoption/adopt,98,0,0
1653293018477,99,Creat pets,200,OK,Users 1-8,text,true,,181,393,3,3,http://209.97.133.58:8000/pet/create_pet,99,0,0
1653293018528,98,Adopt Pets,200,OK,Users 1-10,text,true,,178,282,3,3,http://209.97.133.58:8000/adoption/adopt,98,0,0
1653293018576,98,add customer,200,OK,Users 1-8,text,true,,186,250,3,3,http://209.97.133.58:8000/customer/add_customer,98,0,0
1653293018537,153,Generet Report,200,OK,Users 1-5,text,true,,207,261,3,3,http://209.97.133.58:8000/report/generate_report,153,0,0
1653293018674,100,Adopt Pets,200,OK,Users 1-8,text,true,,178,282,3,3,http://209.97.133.58:8000/adoption/adopt,99,0,0
1653293018626,151,Generet Report,200,OK,Users 1-10,text,true,,207,261,3,3,http://209.97.133.58:8000/report/generate_report,151,0,0
1653293018774,151,Generet Report,200,OK,Users 1-8,text,true,,207,261,3,3,http://209.97.133.58:8000/report/generate_report,151,0,0
1653293018691,363,Get Pets,200,OK,Users 1-5,text,true,,155,264,3,3,http://209.97.133.58:8000/pet/get_pets?limit=30962377&type=quis%20mollit&gender=dolore%20magna%20culpa&size=velit%20magna%20elit&age=-72179586&good_with_children=false,363,0,0
1653293018925,301,Get Pets,200,OK,Users 1-8,text,true,,155,264,2,2,http://209.97.133.58:8000/pet/get_pets?limit=30962377&type=quis%20mollit&gender=dolore%20magna%20culpa&size=velit%20magna%20elit&age=-72179586&good_with_children=false,301,0,0
1653293018777,511,Get Pets,200,OK,Users 1-10,text,true,,155,264,2,2,http://209.97.133.58:8000/pet/get_pets?limit=30962377&type=quis%20mollit&gender=dolore%20magna%20culpa&size=velit%20magna%20elit&age=-72179586&good_with_children=false,511,0,0
1653293019226,99,Creat pets,200,OK,Users 1-8,text,true,,181,393,1,1,http://209.97.133.58:8000/pet/create_pet,99,0,0
1653293019325,98,add customer,200,OK,Users 1-8,text,true,,186,250,1,1,http://209.97.133.58:8000/customer/add_customer,98,0,0
1653293019424,98,Adopt Pets,200,OK,Users 1-8,text,true,,178,282,1,1,http://209.97.133.58:8000/adoption/adopt,98,0,0
1653293019522,153,Generet Report,200,OK,Users 1-8,text,true,,207,261,1,1,http://209.97.133.58:8000/report/generate_report,153,0,0
1653293019676,5362,Get Pets,200,OK,Users 1-8,text,true,,155,264,1,1,http://209.97.133.58:8000/pet/get_pets?limit=30962377&type=quis%20mollit&gender=dolore%20magna%20culpa&size=velit%20magna%20elit&age=-72179586&good_with_children=false,5362,0,0
